{
    "available_space": true,
    "id": "c1",
    "size_max": 46.36746788024902,
    "size_mean": 9.202022488911947,
    "size_min": 1.5097942352294922,
    "total_size": 552.1213493347168
}