{
    "available_space": false,
    "id": "c1",
    "size_max": 46.36746788024902,
    "size_mean": 9.290235199985734,
    "size_min": 0.847076416015625,
    "total_size": 3855.4476079940796
}